ranking,symbol,name,market_cap,volume_24h,volume_7d,volume_30d,price,launch_date,exchanges,min_market_cap,min_volume,volume_period,status
1,BTC,Bitcoin,2253922646181.0,40368744739.0,0.0,0.0,113236.0,,"binance,mexc,gate",100000000.0,10000000.0,24h,active
2,ETH,Ethereum,420422921090.0,31594451050.0,0.0,0.0,3484.47,,"binance,mexc,gate",100000000.0,10000000.0,24h,active
3,XRP,XRP,171225970395.0,5339187048.0,0.0,0.0,2.89,,"binance,mexc,gate",100000000.0,10000000.0,24h,active
4,BNB,BNB,104370105721.0,1368985840.0,0.0,0.0,749.4,,"binance,mexc,gate",100000000.0,10000000.0,24h,active
5,SOL,Solana,87897373385.0,5341223738.0,0.0,0.0,163.31,,"binance,mexc,gate",100000000.0,10000000.0,24h,active
6,STETH,Lido Staked Ether,31180406324.0,69768785.0,0.0,0.0,3480.16,,"mexc,gate",100000000.0,10000000.0,24h,active
7,TRX,TRON,30876889732.0,1455504797.0,0.0,0.0,0.326075,,"binance,mexc,gate",100000000.0,10000000.0,24h,active
8,DOGE,Dogecoin,29671957405.0,2483384821.0,0.0,0.0,0.197508,,"binance,mexc,gate",100000000.0,10000000.0,24h,active
9,ADA,Cardano,25568495137.0,1186374131.0,0.0,0.0,0.706866,,"binance,mexc,gate",100000000.0,10000000.0,24h,active
10,WBTC,Wrapped Bitcoin,14336681412.0,233487270.0,0.0,0.0,113038.0,,"binance,mexc,gate",100000000.0,10000000.0,24h,active
11,WSTETH,Wrapped stETH,13655300580.0,36264524.0,0.0,0.0,4201.49,,,100000000.0,10000000.0,24h,active
12,HYPE,Hyperliquid,12627429803.0,377022263.0,0.0,0.0,37.97,,"mexc,gate",100000000.0,10000000.0,24h,active
13,SUI,Sui,11968686845.0,1145452294.0,0.0,0.0,3.41,,"binance,mexc,gate",100000000.0,10000000.0,24h,active
14,XLM,Stellar,11705429313.0,346885634.0,0.0,0.0,0.374601,,"binance,mexc,gate",100000000.0,10000000.0,24h,active
15,WBETH,Wrapped Beacon ETH,11096063473.0,8249591.0,0.0,0.0,3742.97,,"binance,mexc,gate",100000000.0,10000000.0,24h,active
16,LINK,Chainlink,10801447965.0,678674019.0,0.0,0.0,15.93,,"binance,mexc,gate",100000000.0,10000000.0,24h,active
17,BCH,Bitcoin Cash,10643175780.0,258863823.0,0.0,0.0,534.57,,"binance,mexc,gate",100000000.0,10000000.0,24h,active
18,HBAR,Hedera,9953308239.0,450031277.0,0.0,0.0,0.234975,,"binance,mexc,gate",100000000.0,10000000.0,24h,active
19,WEETH,Wrapped eETH,9791243613.0,28615441.0,0.0,0.0,3731.88,,"mexc,gate",100000000.0,10000000.0,24h,active
20,AVAX,Avalanche,9037098546.0,470306623.0,0.0,0.0,21.42,,"binance,mexc,gate",100000000.0,10000000.0,24h,active
21,TON,Toncoin,8671278331.0,535461819.0,0.0,0.0,3.59,,"binance,mexc,gate",100000000.0,10000000.0,24h,active
22,LTC,Litecoin,8291256481.0,832893374.0,0.0,0.0,109.22,,"binance,mexc,gate",100000000.0,10000000.0,24h,active
23,WETH,WETH,7887725745.0,766049521.0,0.0,0.0,3483.67,,,100000000.0,10000000.0,24h,active
24,SHIB,Shiba Inu,7091264596.0,226613724.0,0.0,0.0,1.204e-05,,"binance,mexc,gate",100000000.0,10000000.0,24h,active
25,CBBTC,Coinbase Wrapped BTC,6109912142.0,451247709.0,0.0,0.0,113245.0,,,100000000.0,10000000.0,24h,active
26,WBT,WhiteBIT Coin,6100312787.0,51839234.0,0.0,0.0,42.33,,mexc,100000000.0,10000000.0,24h,active
27,XMR,Monero,5418960787.0,122950931.0,0.0,0.0,293.7,,"binance,mexc,gate",100000000.0,10000000.0,24h,active
28,UNI,Uniswap,5415681061.0,425991161.0,0.0,0.0,9.02,,"binance,mexc,gate",100000000.0,10000000.0,24h,active
29,DOT,Polkadot,5389738735.0,307164358.0,0.0,0.0,3.54,,"binance,mexc,gate",100000000.0,10000000.0,24h,active
30,BGB,Bitget Token,4904634072.0,96601365.0,0.0,0.0,4.3,,mexc,100000000.0,10000000.0,24h,active
31,PEPE,Pepe,4337404696.0,694594734.0,0.0,0.0,1.032e-05,,"binance,mexc,gate",100000000.0,10000000.0,24h,active
32,CRO,Cronos,4211800897.0,32729141.0,0.0,0.0,0.130271,,"mexc,gate",100000000.0,10000000.0,24h,active
33,AAVE,Aave,3867458846.0,392114491.0,0.0,0.0,254.44,,"binance,mexc,gate",100000000.0,10000000.0,24h,active
34,ENA,Ethena,3456780538.0,1306387635.0,0.0,0.0,0.54438,,"binance,mexc,gate",100000000.0,10000000.0,24h,active
35,TAO,Bittensor,3233324293.0,114192809.0,0.0,0.0,338.18,,"binance,mexc,gate",100000000.0,10000000.0,24h,active
36,ETC,Ethereum Classic,3012526435.0,98337048.0,0.0,0.0,19.73,,"binance,mexc,gate",100000000.0,10000000.0,24h,active
37,NEAR,NEAR Protocol,2962114969.0,214504151.0,0.0,0.0,2.39,,"binance,mexc,gate",100000000.0,10000000.0,24h,active
38,APT,Aptos,2790763341.0,488914305.0,0.0,0.0,4.16,,"binance,mexc,gate",100000000.0,10000000.0,24h,active
39,OKB,OKB,2787927450.0,13183593.0,0.0,0.0,46.46,,"mexc,gate",100000000.0,10000000.0,24h,active
40,ONDO,Ondo,2779632485.0,168993896.0,0.0,0.0,0.879982,,"binance,mexc,gate",100000000.0,10000000.0,24h,active
41,PI,Pi Network,2773499077.0,190495680.0,0.0,0.0,0.35668,,"mexc,gate",100000000.0,10000000.0,24h,active
42,ICP,Internet Computer,2681909033.0,69423004.0,0.0,0.0,5.0,,"binance,mexc,gate",100000000.0,10000000.0,24h,active
43,JITOSOL,Jito Staked SOL,2590071699.0,42124973.0,0.0,0.0,199.52,,,100000000.0,10000000.0,24h,active
44,MNT,Mantle,2325585815.0,181689111.0,0.0,0.0,0.691069,,"mexc,gate",100000000.0,10000000.0,24h,active
45,KAS,Kaspa,2197146954.0,73454299.0,0.0,0.0,0.083333,,"mexc,gate",100000000.0,10000000.0,24h,active
46,PENGU,Pudgy Penguins,2145425567.0,808095346.0,0.0,0.0,0.03416489,,"binance,mexc,gate",100000000.0,10000000.0,24h,active
47,WETH,Binance-Peg WETH,2102773426.0,73423749.0,0.0,0.0,3476.12,,,100000000.0,10000000.0,24h,active
48,ALGO,Algorand,2010534195.0,100333681.0,0.0,0.0,0.231112,,"binance,mexc,gate",100000000.0,10000000.0,24h,active
49,GT,Gate,1993842177.0,6860588.0,0.0,0.0,16.69,,"mexc,gate",100000000.0,10000000.0,24h,active
50,BONK,Bonk,1986862861.0,475343000.0,0.0,0.0,2.569e-05,,"binance,mexc,gate",100000000.0,10000000.0,24h,active
51,FTN,Fasttoken,1979116608.0,63679585.0,0.0,0.0,4.59,,"mexc,gate",100000000.0,10000000.0,24h,active
52,ARB,Arbitrum,1930559188.0,271110495.0,0.0,0.0,0.374907,,"binance,mexc,gate",100000000.0,10000000.0,24h,active
53,VET,VeChain,1921412490.0,45027918.0,0.0,0.0,0.02234426,,"binance,mexc,gate",100000000.0,10000000.0,24h,active
54,ATOM,Cosmos Hub,1901459962.0,113277380.0,0.0,0.0,4.12,,"binance,mexc,gate",100000000.0,10000000.0,24h,active
55,RENDER,Render,1801849081.0,87039316.0,0.0,0.0,3.48,,"binance,mexc,gate",100000000.0,10000000.0,24h,active
56,POL,POL (ex-MATIC),1771290637.0,96464611.0,0.0,0.0,0.196271,,"binance,mexc,gate",100000000.0,10000000.0,24h,active
57,WLD,Worldcoin,1736077459.0,160831500.0,0.0,0.0,0.948944,,"binance,mexc,gate",100000000.0,10000000.0,24h,active
58,TRUMP,Official Trump,1733085081.0,349157180.0,0.0,0.0,8.68,,"binance,mexc,gate",100000000.0,10000000.0,24h,active
59,IP,Story,1706035088.0,55953306.0,0.0,0.0,5.8,,"mexc,gate",100000000.0,10000000.0,24h,active
60,RETH,Rocket Pool ETH,1638448418.0,3694014.0,0.0,0.0,3961.87,,,100000000.0,10000000.0,24h,active
61,JLP,Jupiter Perpetuals Liquidity Provider Token,1623702991.0,42552505.0,0.0,0.0,4.87,,,100000000.0,10000000.0,24h,active
62,FET,Artificial Superintelligence Alliance,1622235434.0,102442891.0,0.0,0.0,0.623163,,"binance,mexc,gate",100000000.0,10000000.0,24h,active
63,SEI,Sei,1596675227.0,145108729.0,0.0,0.0,0.276647,,"binance,mexc,gate",100000000.0,10000000.0,24h,active
64,FIL,Filecoin,1575295184.0,195172265.0,0.0,0.0,2.3,,"binance,mexc,gate",100000000.0,10000000.0,24h,active
65,LBTC,Lombard Staked BTC,1571648550.0,11271558.0,0.0,0.0,113177.0,,,100000000.0,10000000.0,24h,active
66,QNT,Quant,1571107123.0,28017544.0,0.0,0.0,108.01,,"binance,mexc,gate",100000000.0,10000000.0,24h,active
67,FLR,Flare,1529878099.0,15525952.0,0.0,0.0,0.02192844,,"mexc,gate",100000000.0,10000000.0,24h,active
68,XDC,XDC Network,1509908504.0,37916434.0,0.0,0.0,0.092989,,"mexc,gate",100000000.0,10000000.0,24h,active
69,USDTB,USDtb,1437000793.0,8997932.0,0.0,0.0,0.999378,,,100000000.0,10000000.0,24h,active
70,SPX,SPX6900,1413528093.0,75704998.0,0.0,0.0,1.52,,"mexc,gate",100000000.0,10000000.0,24h,active
71,JUP,Jupiter,1364549662.0,58423938.0,0.0,0.0,0.446641,,"binance,mexc,gate",100000000.0,10000000.0,24h,active
72,KCS,KuCoin,1338885374.0,5596156.0,0.0,0.0,10.52,,mexc,100000000.0,10000000.0,24h,active
73,NEXO,NEXO,1283984968.0,9843635.0,0.0,0.0,1.28,,"binance,mexc,gate",100000000.0,10000000.0,24h,active
74,CRV,Curve DAO,1222009755.0,214962767.0,0.0,0.0,0.885382,,"binance,mexc,gate",100000000.0,10000000.0,24h,active
75,INJ,Injective,1208382186.0,126650794.0,0.0,0.0,12.37,,"binance,mexc,gate",100000000.0,10000000.0,24h,active
76,STX,Stacks,1205707570.0,25883443.0,0.0,0.0,0.673989,,"binance,mexc,gate",100000000.0,10000000.0,24h,active
77,TIA,Celestia,1171760011.0,115127057.0,0.0,0.0,1.6,,"binance,mexc,gate",100000000.0,10000000.0,24h,active
78,EZETH,Renzo Restaked ETH,1140422668.0,5332334.0,0.0,0.0,3674.11,,,100000000.0,10000000.0,24h,active
79,SOLVBTC,Solv Protocol BTC,1129563193.0,5242183.0,0.0,0.0,113043.0,,,100000000.0,10000000.0,24h,active
80,OP,Optimism,1113201159.0,201523556.0,0.0,0.0,0.635621,,"binance,mexc,gate",100000000.0,10000000.0,24h,active
81,WBNB,Wrapped BNB,1006508668.0,103488733.0,0.0,0.0,749.25,,,100000000.0,10000000.0,24h,active
82,FLOKI,FLOKI,998723830.0,128915674.0,0.0,0.0,0.00010368,,"binance,mexc,gate",100000000.0,10000000.0,24h,active
83,CFX,Conflux,989542335.0,150035196.0,0.0,0.0,0.193848,,"binance,mexc,gate",100000000.0,10000000.0,24h,active
84,JUPSOL,Jupiter Staked SOL,979452468.0,5978965.0,0.0,0.0,184.35,,,100000000.0,10000000.0,24h,active
85,PUMP,Pump.fun,962904118.0,314647106.0,0.0,0.0,0.00272002,,"mexc,gate",100000000.0,10000000.0,24h,active
86,S,Sonic,954681131.0,144025136.0,0.0,0.0,0.296264,,"binance,mexc,gate",100000000.0,10000000.0,24h,active
87,PAXG,PAX Gold,952823700.0,67553886.0,0.0,0.0,3362.21,,"binance,mexc,gate",100000000.0,10000000.0,24h,active
88,SAROS,Saros,950416506.0,9965521.0,0.0,0.0,0.362712,,"mexc,gate",100000000.0,10000000.0,24h,active
89,GRT,The Graph,928808369.0,37312918.0,0.0,0.0,0.089159,,"binance,mexc,gate",100000000.0,10000000.0,24h,active
90,FARTCOIN,Fartcoin,926128286.0,277276995.0,0.0,0.0,0.927026,,"mexc,gate",100000000.0,10000000.0,24h,active
91,IMX,Immutable,919905353.0,27258459.0,0.0,0.0,0.486691,,"binance,mexc,gate",100000000.0,10000000.0,24h,active
92,WBTC,Arbitrum Bridged WBTC (Arbitrum One),902285195.0,166897909.0,0.0,0.0,113000.0,,"binance,mexc,gate",100000000.0,10000000.0,24h,active
93,CAKE,PancakeSwap,883238840.0,92180041.0,0.0,0.0,2.56,,"binance,mexc,gate",100000000.0,10000000.0,24h,active
94,WIF,dogwifhat,858312900.0,290875658.0,0.0,0.0,0.861538,,"binance,mexc,gate",100000000.0,10000000.0,24h,active
95,SYRUPUSDC,SyrupUSDC,852856297.0,6172811.0,0.0,0.0,1.11,,,100000000.0,10000000.0,24h,active
96,MSOL,Marinade Staked SOL,844839281.0,16899574.0,0.0,0.0,214.52,,"mexc,gate",100000000.0,10000000.0,24h,active
97,ENS,Ethereum Name Service,835227863.0,113318354.0,0.0,0.0,25.19,,"binance,mexc,gate",100000000.0,10000000.0,24h,active
98,KAIA,Kaia,829616738.0,19444750.0,0.0,0.0,0.141896,,"binance,mexc,gate",100000000.0,10000000.0,24h,active
99,XAUT,Tether Gold,825347506.0,142098604.0,0.0,0.0,3347.93,,"mexc,gate",100000000.0,10000000.0,24h,active
100,LDO,Lido DAO,798507623.0,87828593.0,0.0,0.0,0.890313,,"binance,mexc,gate",100000000.0,10000000.0,24h,active
101,XTZ,Tezos,781651111.0,25075697.0,0.0,0.0,0.742769,,"binance,mexc,gate",100000000.0,10000000.0,24h,active
102,A,Vaulta,779321573.0,48500416.0,0.0,0.0,0.493179,,"binance,mexc,gate",100000000.0,10000000.0,24h,active
103,VIRTUAL,Virtuals Protocol,776095654.0,128211049.0,0.0,0.0,1.18,,"binance,mexc,gate",100000000.0,10000000.0,24h,active
104,THETA,Theta Network,735436553.0,33104362.0,0.0,0.0,0.735492,,"binance,mexc,gate",100000000.0,10000000.0,24h,active
105,CMETH,Mantle Restaked ETH,734721741.0,8478711.0,0.0,0.0,3739.3,,,100000000.0,10000000.0,24h,active
106,JASMY,JasmyCoin,700587351.0,37683178.0,0.0,0.0,0.01446886,,"binance,mexc,gate",100000000.0,10000000.0,24h,active
107,IOTA,IOTA,700192925.0,16421087.0,0.0,0.0,0.178281,,"binance,mexc,gate",100000000.0,10000000.0,24h,active
108,RAY,Raydium,686603336.0,55192664.0,0.0,0.0,2.56,,"binance,mexc,gate",100000000.0,10000000.0,24h,active
109,GALA,GALA,672559113.0,102771717.0,0.0,0.0,0.01479601,,"binance,mexc,gate",100000000.0,10000000.0,24h,active
110,AERO,Aerodrome Finance,653922471.0,32384009.0,0.0,0.0,0.753152,,"mexc,gate",100000000.0,10000000.0,24h,active
111,TBTC,tBTC,651201376.0,5043505.0,0.0,0.0,112994.0,,,100000000.0,10000000.0,24h,active
112,PENDLE,Pendle,649858494.0,73083999.0,0.0,0.0,3.92,,"binance,mexc,gate",100000000.0,10000000.0,24h,active
113,BTT,BitTorrent,644129129.0,22254040.0,0.0,0.0,6.53278e-07,,"binance,mexc,gate",100000000.0,10000000.0,24h,active
114,SAND,The Sandbox,639329583.0,42070388.0,0.0,0.0,0.2614,,"binance,mexc,gate",100000000.0,10000000.0,24h,active
115,PYTH,Pyth Network,628951240.0,22370824.0,0.0,0.0,0.109432,,"binance,mexc,gate",100000000.0,10000000.0,24h,active
116,WETH,L2 Standard Bridged WETH (Base),620593040.0,823999620.0,0.0,0.0,3487.27,,,100000000.0,10000000.0,24h,active
117,RLUSD,Ripple USD,602681322.0,55632836.0,0.0,0.0,0.999897,,,100000000.0,10000000.0,24h,active
118,JTO,Jito,596988817.0,31128419.0,0.0,0.0,1.66,,"binance,mexc,gate",100000000.0,10000000.0,24h,active
119,AB,AB,585006301.0,50268999.0,0.0,0.0,0.00829381,,"mexc,gate",100000000.0,10000000.0,24h,active
120,M,MemeCore,581767016.0,11915007.0,0.0,0.0,0.349456,,mexc,100000000.0,10000000.0,24h,active
121,ZEC,Zcash,573641211.0,12560984.0,0.0,0.0,35.43,,"binance,mexc,gate",100000000.0,10000000.0,24h,active
122,FLOW,Flow,571425723.0,20756830.0,0.0,0.0,0.357292,,"binance,mexc,gate",100000000.0,10000000.0,24h,active
123,BTC.B,Avalanche Bridged BTC (Avalanche),549483388.0,82152928.0,0.0,0.0,113203.0,,,100000000.0,10000000.0,24h,active
124,WAL,Walrus,529890684.0,33421234.0,0.0,0.0,0.375617,,"mexc,gate",100000000.0,10000000.0,24h,active
125,WETH,Arbitrum Bridged WETH (Arbitrum One),529270869.0,603826201.0,0.0,0.0,3482.71,,,100000000.0,10000000.0,24h,active
126,HNT,Helium,526724041.0,12815702.0,0.0,0.0,2.83,,"binance,mexc,gate",100000000.0,10000000.0,24h,active
127,MORPHO,Morpho,525680034.0,25715749.0,0.0,0.0,1.63,,"mexc,gate",100000000.0,10000000.0,24h,active
128,MANA,Decentraland,518834867.0,31625837.0,0.0,0.0,0.27037,,"binance,mexc,gate",100000000.0,10000000.0,24h,active
129,BSV,Bitcoin SV,514714941.0,14007649.0,0.0,0.0,25.87,,"mexc,gate",100000000.0,10000000.0,24h,active
130,DOGE,Binance-Peg Dogecoin,502315121.0,5542169.0,0.0,0.0,0.196554,,"binance,mexc,gate",100000000.0,10000000.0,24h,active
131,CBETH,Coinbase Wrapped Staked ETH,495653074.0,6463308.0,0.0,0.0,3840.73,,,100000000.0,10000000.0,24h,active
132,B,BUILDon,493518149.0,21877348.0,0.0,0.0,0.493825,,"mexc,gate",100000000.0,10000000.0,24h,active
133,XCN,Onyxcoin,487262833.0,21001957.0,0.0,0.0,0.01411052,,"mexc,gate",100000000.0,10000000.0,24h,active
134,BRETT,Brett,478621385.0,43040833.0,0.0,0.0,0.04837493,,"mexc,gate",100000000.0,10000000.0,24h,active
135,SYRUP,Maple Finance,476232879.0,76244849.0,0.0,0.0,0.398626,,"binance,mexc,gate",100000000.0,10000000.0,24h,active
136,CORE,Core,472169058.0,15573828.0,0.0,0.0,0.469134,,"mexc,gate",100000000.0,10000000.0,24h,active
137,NFT,APENFT,467914873.0,19739334.0,0.0,0.0,4.7261e-07,,"mexc,gate",100000000.0,10000000.0,24h,active
138,MOG,Mog Coin,464896098.0,31183959.0,0.0,0.0,1.19e-06,,"mexc,gate",100000000.0,10000000.0,24h,active
139,RUNE,THORChain,444180497.0,87988068.0,0.0,0.0,1.26,,"binance,mexc,gate",100000000.0,10000000.0,24h,active
140,SDAI,Savings Dai,444127273.0,6154137.0,0.0,0.0,1.16,,,100000000.0,10000000.0,24h,active
141,REKT,Rekt,438856691.0,8795346.0,0.0,0.0,1.04e-06,,,100000000.0,10000000.0,24h,active
142,APE,ApeCoin,437131155.0,40143462.0,0.0,0.0,0.546879,,"binance,mexc,gate",100000000.0,10000000.0,24h,active
143,STRK,Starknet,432215463.0,26115565.0,0.0,0.0,0.112691,,"binance,mexc,gate",100000000.0,10000000.0,24h,active
144,RSR,Reserve Rights,426843905.0,26337071.0,0.0,0.0,0.0072538,,"binance,mexc,gate",100000000.0,10000000.0,24h,active
145,ZBCN,Zebec Network,415340187.0,31976811.0,0.0,0.0,0.00481183,,"mexc,gate",100000000.0,10000000.0,24h,active
146,COMP,Compound,414263644.0,62045370.0,0.0,0.0,44.1,,"binance,mexc,gate",100000000.0,10000000.0,24h,active
147,SUN,Sun Token,413632262.0,33868166.0,0.0,0.0,0.02159293,,"binance,mexc,gate",100000000.0,10000000.0,24h,active
148,KAVA,Kava,411530274.0,6991762.0,0.0,0.0,0.380096,,"binance,mexc,gate",100000000.0,10000000.0,24h,active
149,AR,Arweave,410501356.0,36868619.0,0.0,0.0,6.28,,"binance,mexc,gate",100000000.0,10000000.0,24h,active
150,DYDX,dYdX,407876995.0,12643701.0,0.0,0.0,0.538624,,"binance,mexc,gate",100000000.0,10000000.0,24h,active
151,WETH,Polygon PoS Bridged WETH (Polygon POS),402708492.0,21662861.0,0.0,0.0,3484.76,,,100000000.0,10000000.0,24h,active
152,DEXE,DeXe,401696044.0,5802044.0,0.0,0.0,7.03,,"binance,mexc,gate",100000000.0,10000000.0,24h,active
153,NEO,NEO,401624927.0,24937663.0,0.0,0.0,5.7,,"binance,mexc,gate",100000000.0,10000000.0,24h,active
154,ETHFI,Ether.fi,396819143.0,107532603.0,0.0,0.0,0.94388,,"binance,mexc,gate",100000000.0,10000000.0,24h,active
155,XEC,eCash,396341644.0,8726418.0,0.0,0.0,1.991e-05,,"binance,mexc,gate",100000000.0,10000000.0,24h,active
156,EGLD,MultiversX,394625304.0,13572824.0,0.0,0.0,13.85,,"binance,mexc,gate",100000000.0,10000000.0,24h,active
157,KTA,Keeta,394429084.0,10217984.0,0.0,0.0,0.971687,,,100000000.0,10000000.0,24h,active
158,AIOZ,AIOZ Network,393061189.0,9150263.0,0.0,0.0,0.331467,,"mexc,gate",100000000.0,10000000.0,24h,active
159,USDC.E,Bridged USDC (Polygon PoS Bridge),386463681.0,18857969.0,0.0,0.0,0.999708,,,100000000.0,10000000.0,24h,active
160,CHZ,Chiliz,365173732.0,39043355.0,0.0,0.0,0.0374561,,"binance,mexc,gate",100000000.0,10000000.0,24h,active
161,AXS,Axie Infinity,365014373.0,21205775.0,0.0,0.0,2.19,,"binance,mexc,gate",100000000.0,10000000.0,24h,active
162,UBTC,Unit Bitcoin,364704637.0,67317556.0,0.0,0.0,113260.0,,,100000000.0,10000000.0,24h,active
163,ZK,ZKsync,357119712.0,24182633.0,0.0,0.0,0.04946218,,"binance,mexc,gate",100000000.0,10000000.0,24h,active
164,WHYPE,Wrapped HYPE,345984474.0,98901221.0,0.0,0.0,37.81,,,100000000.0,10000000.0,24h,active
165,W,Wormhole,344369717.0,30395284.0,0.0,0.0,0.073485,,"binance,mexc,gate",100000000.0,10000000.0,24h,active
166,WEMIX,WEMIX,343597241.0,5957501.0,0.0,0.0,0.754705,,"mexc,gate",100000000.0,10000000.0,24h,active
167,EIGEN,EigenCloud (prev. EigenLayer),343208783.0,76728798.0,0.0,0.0,1.079,,"binance,mexc,gate",100000000.0,10000000.0,24h,active
168,BEAM,Beam,342665279.0,15250358.0,0.0,0.0,0.00667986,,"binance,mexc,gate",100000000.0,10000000.0,24h,active
169,RON,Ronin,339802135.0,8019168.0,0.0,0.0,0.490479,,"mexc,gate",100000000.0,10000000.0,24h,active
170,1INCH,1inch,338473248.0,14780292.0,0.0,0.0,0.242502,,"binance,mexc,gate",100000000.0,10000000.0,24h,active
171,MOVE,Movement,338058654.0,27992577.0,0.0,0.0,0.127597,,"binance,mexc,gate",100000000.0,10000000.0,24h,active
172,SAVAX,BENQI Liquid Staked AVAX,333582691.0,4266578.0,0.0,0.0,25.96,,,100000000.0,10000000.0,24h,active
173,AXL,Axelar,332451295.0,13536975.0,0.0,0.0,0.328677,,"binance,mexc",100000000.0,10000000.0,24h,active
174,WBTC,Polygon Bridged WBTC (Polygon POS),330727882.0,8453939.0,0.0,0.0,113199.0,,"binance,mexc,gate",100000000.0,10000000.0,24h,active
175,WAVAX,Wrapped AVAX,330672747.0,14713580.0,0.0,0.0,21.35,,,100000000.0,10000000.0,24h,active
176,USDG,Global Dollar,326853537.0,14101838.0,0.0,0.0,0.999719,,,100000000.0,10000000.0,24h,active
177,DEEP,DeepBook,325539300.0,33115016.0,0.0,0.0,0.1303,,"mexc,gate",100000000.0,10000000.0,24h,active
178,JST,JUST,322068956.0,34474120.0,0.0,0.0,0.03253143,,"binance,mexc,gate",100000000.0,10000000.0,24h,active
179,LUNC,Terra Luna Classic,322067325.0,11596229.0,0.0,0.0,5.75e-05,,"binance,mexc,gate",100000000.0,10000000.0,24h,active
180,AKT,Akash Network,317962354.0,6882845.0,0.0,0.0,1.15,,"mexc,gate",100000000.0,10000000.0,24h,active
181,CVX,Convex Finance,317948623.0,41946155.0,0.0,0.0,3.89,,"binance,mexc,gate",100000000.0,10000000.0,24h,active
182,QUBIC,Qubic,315797380.0,11212409.0,0.0,0.0,2.59e-06,,"mexc,gate",100000000.0,10000000.0,24h,active
183,ATH,Aethir,314456329.0,20898752.0,0.0,0.0,0.02955849,,"mexc,gate",100000000.0,10000000.0,24h,active
184,GNO,Gnosis,310854609.0,9693540.0,0.0,0.0,117.79,,"binance,mexc,gate",100000000.0,10000000.0,24h,active
185,SUPER,SuperVerse,306963611.0,15643581.0,0.0,0.0,0.679868,,"binance,mexc,gate",100000000.0,10000000.0,24h,active
186,TWT,Trust Wallet,305083668.0,8840055.0,0.0,0.0,0.732327,,"binance,mexc,gate",100000000.0,10000000.0,24h,active
187,TURBO,Turbo,293150623.0,42769543.0,0.0,0.0,0.00424984,,"binance,mexc,gate",100000000.0,10000000.0,24h,active
188,DOG,Dog (Bitcoin),293147980.0,9956351.0,0.0,0.0,0.0029315,,"mexc,gate",100000000.0,10000000.0,24h,active
189,CTC,Creditcoin,289309421.0,7871257.0,0.0,0.0,0.62977,,"mexc,gate",100000000.0,10000000.0,24h,active
190,STHYPE,Staked HYPE,289185421.0,3680814.0,0.0,0.0,37.81,,,100000000.0,10000000.0,24h,active
191,AMP,Amp,286828163.0,11858398.0,0.0,0.0,0.00340576,,"binance,mexc,gate",100000000.0,10000000.0,24h,active
192,POPCAT,Popcat,285146229.0,40664087.0,0.0,0.0,0.291713,,"mexc,gate",100000000.0,10000000.0,24h,active
193,USR,Resolv USR,280170329.0,4706280.0,0.0,0.0,0.99973,,,100000000.0,10000000.0,24h,active
194,IOTX,IoTeX,274841468.0,21302891.0,0.0,0.0,0.02917727,,"binance,mexc,gate",100000000.0,10000000.0,24h,active
195,WETH,Wrapped Ether (Mantle Bridge),272437174.0,3945073.0,0.0,0.0,3488.08,,,100000000.0,10000000.0,24h,active
196,KAITO,KAITO,271236829.0,29759754.0,0.0,0.0,1.12,,"binance,mexc,gate",100000000.0,10000000.0,24h,active
197,DCR,Decred,265681250.0,3420115.0,0.0,0.0,15.72,,"binance,mexc,gate",100000000.0,10000000.0,24h,active
198,MEW,cat in a dogs world,261505226.0,29648598.0,0.0,0.0,0.00294356,,"mexc,gate",100000000.0,10000000.0,24h,active
199,BTSE,BTSE Token,258942943.0,4601228.0,0.0,0.0,1.6,,,100000000.0,10000000.0,24h,active
200,TFUEL,Theta Fuel,257075054.0,8224182.0,0.0,0.0,0.03660939,,"binance,mexc,gate",100000000.0,10000000.0,24h,active
201,LPT,Livepeer,256661970.0,19141610.0,0.0,0.0,5.98,,"binance,mexc,gate",100000000.0,10000000.0,24h,active
202,CHEEMS,Cheems Token,255732527.0,3171143.0,0.0,0.0,1.26e-06,,"mexc,gate",100000000.0,10000000.0,24h,active
203,VELO,Velo,255706091.0,31455359.0,0.0,0.0,0.01459584,,"mexc,gate",100000000.0,10000000.0,24h,active
204,MOCA,Moca Network,255675961.0,18647019.0,0.0,0.0,0.070703,,"mexc,gate",100000000.0,10000000.0,24h,active
205,SAFE,Safe,252541281.0,11381151.0,0.0,0.0,0.407276,,"mexc,gate",100000000.0,10000000.0,24h,active
206,CKB,Nervos Network,250428605.0,41398143.0,0.0,0.0,0.0053472,,"binance,mexc,gate",100000000.0,10000000.0,24h,active
207,DASH,Dash,249357357.0,19736576.0,0.0,0.0,20.19,,"binance,mexc",100000000.0,10000000.0,24h,active
208,OM,MANTRA,241983117.0,83287567.0,0.0,0.0,0.236793,,"binance,mexc,gate",100000000.0,10000000.0,24h,active
209,PLUME,Plume,241830517.0,33877862.0,0.0,0.0,0.091305,,"mexc,gate",100000000.0,10000000.0,24h,active
210,GLM,Golem,236965215.0,12569065.0,0.0,0.0,0.236913,,"binance,mexc,gate",100000000.0,10000000.0,24h,active
211,USELESS,Useless Coin,232983130.0,22750774.0,0.0,0.0,0.232931,,"mexc,gate",100000000.0,10000000.0,24h,active
212,KSM,Kusama,225155081.0,9635561.0,0.0,0.0,13.37,,"binance,mexc,gate",100000000.0,10000000.0,24h,active
213,SFP,SafePal,224114231.0,3158618.0,0.0,0.0,0.448378,,"binance,mexc,gate",100000000.0,10000000.0,24h,active
214,PNUT,Peanut the Squirrel,222062553.0,77217166.0,0.0,0.0,0.222281,,"binance,mexc,gate",100000000.0,10000000.0,24h,active
215,MINA,Mina Protocol,220241083.0,13610281.0,0.0,0.0,0.177027,,"binance,mexc,gate",100000000.0,10000000.0,24h,active
216,BAT,Basic Attention,219111591.0,17195708.0,0.0,0.0,0.146695,,"binance,mexc,gate",100000000.0,10000000.0,24h,active
217,TOSHI,Toshi,217669899.0,21377461.0,0.0,0.0,0.00051785,,"mexc,gate",100000000.0,10000000.0,24h,active
218,QTUM,Qtum,215932519.0,31201067.0,0.0,0.0,2.04,,"binance,mexc,gate",100000000.0,10000000.0,24h,active
219,BERA,Berachain,214878789.0,24487557.0,0.0,0.0,1.76,,"binance,mexc,gate",100000000.0,10000000.0,24h,active
220,EURC,EURC,208787062.0,40982997.0,0.0,0.0,1.16,,,100000000.0,10000000.0,24h,active
221,BABYDOGE,Baby Doge Coin,208143518.0,10824808.0,0.0,0.0,1.229e-09,,"mexc,gate",100000000.0,10000000.0,24h,active
222,ARKM,Arkham,207177141.0,48384059.0,0.0,0.0,0.450828,,"binance,mexc,gate",100000000.0,10000000.0,24h,active
223,NOT,Notcoin,206821451.0,41245343.0,0.0,0.0,0.00201736,,"binance,mexc,gate",100000000.0,10000000.0,24h,active
224,ZIL,Zilliqa,206065810.0,14572283.0,0.0,0.0,0.01056787,,"binance,mexc,gate",100000000.0,10000000.0,24h,active
225,GRASS,Grass,205210235.0,29238637.0,0.0,0.0,0.682369,,"mexc,gate",100000000.0,10000000.0,24h,active
226,RVN,Ravencoin,204670706.0,15023302.0,0.0,0.0,0.01328331,,"binance,mexc,gate",100000000.0,10000000.0,24h,active
227,MX,MX,204301571.0,6537895.0,0.0,0.0,2.18,,mexc,100000000.0,10000000.0,24h,active
228,KET,Ket,203474632.0,3439752.0,0.0,0.0,0.201923,,,100000000.0,10000000.0,24h,active
229,BLUR,Blur,201847688.0,19433681.0,0.0,0.0,0.082452,,"binance,mexc,gate",100000000.0,10000000.0,24h,active
230,GOMINING,GoMining Token,198956973.0,16253987.0,0.0,0.0,0.488993,,"mexc,gate",100000000.0,10000000.0,24h,active
231,NPC,Non-Playable Coin,194475847.0,5747394.0,0.0,0.0,0.02415823,,"mexc,gate",100000000.0,10000000.0,24h,active
232,ZRX,0x Protocol,193724428.0,28721317.0,0.0,0.0,0.228479,,"binance,mexc,gate",100000000.0,10000000.0,24h,active
233,SNX,Synthetix Network,192870262.0,13745523.0,0.0,0.0,0.561985,,"binance,mexc,gate",100000000.0,10000000.0,24h,active
234,LGCT,Legacy Token,192538738.0,6926593.0,0.0,0.0,1.71,,"mexc,gate",100000000.0,10000000.0,24h,active
235,GAS,Gas,188379634.0,6103092.0,0.0,0.0,2.89,,"binance,mexc,gate",100000000.0,10000000.0,24h,active
236,ZRO,LayerZero,187898057.0,25143799.0,0.0,0.0,1.69,,"binance,mexc,gate",100000000.0,10000000.0,24h,active
237,ASTR,Astar,184853119.0,8041385.0,0.0,0.0,0.02271576,,"binance,mexc,gate",100000000.0,10000000.0,24h,active
238,$MBG,MBG By Multibank Group,183330485.0,41109237.0,0.0,0.0,2.11,,,100000000.0,10000000.0,24h,active
239,ORDI,ORDI,182583740.0,52316554.0,0.0,0.0,8.7,,"binance,mexc,gate",100000000.0,10000000.0,24h,active
240,SC,Siacoin,179570362.0,32675628.0,0.0,0.0,0.00320308,,"binance,mexc,gate",100000000.0,10000000.0,24h,active
241,SOL,Binance-Peg SOL,179217972.0,5480515.0,0.0,0.0,163.22,,"binance,mexc,gate",100000000.0,10000000.0,24h,active
242,SAHARA,Sahara AI,178836502.0,104005456.0,0.0,0.0,0.087607,,"binance,mexc,gate",100000000.0,10000000.0,24h,active
243,ZETA,ZetaChain,174441181.0,14573233.0,0.0,0.0,0.179158,,"mexc,gate",100000000.0,10000000.0,24h,active
244,DRIFT,Drift Protocol,174380898.0,13059413.0,0.0,0.0,0.502022,,"mexc,gate",100000000.0,10000000.0,24h,active
245,ROSE,Oasis,174351319.0,6719517.0,0.0,0.0,0.02355144,,"binance,mexc,gate",100000000.0,10000000.0,24h,active
246,ZORA,Zora,174298354.0,103308257.0,0.0,0.0,0.054273,,"mexc,gate",100000000.0,10000000.0,24h,active
247,CELO,Celo,173468852.0,15024548.0,0.0,0.0,0.299876,,"binance,mexc,gate",100000000.0,10000000.0,24h,active
248,YFI,yearn.finance,171221461.0,22693071.0,0.0,0.0,5066.13,,"binance,mexc,gate",100000000.0,10000000.0,24h,active
249,COW,CoW Protocol,169994805.0,14107264.0,0.0,0.0,0.3421,,"binance,mexc,gate",100000000.0,10000000.0,24h,active
250,AIC,AI Companions,167925500.0,3544814.0,0.0,0.0,0.166072,,"mexc,gate",100000000.0,10000000.0,24h,active
251,VTHO,VeThor,167758909.0,3595508.0,0.0,0.0,0.00181877,,"binance,mexc,gate",100000000.0,10000000.0,24h,active
252,T,Threshold Network,164041330.0,9199274.0,0.0,0.0,0.01619619,,"binance,mexc,gate",100000000.0,10000000.0,24h,active
253,HOT,Holo,162959970.0,7832067.0,0.0,0.0,0.00091809,,"binance,mexc,gate",100000000.0,10000000.0,24h,active
254,KOGE,KOGE,162595419.0,44798217.0,0.0,0.0,47.98,,,100000000.0,10000000.0,24h,active
255,ETHW,EthereumPoW,162146489.0,6835425.0,0.0,0.0,1.5,,"mexc,gate",100000000.0,10000000.0,24h,active
256,WILD,Wilder World,161941979.0,6476606.0,0.0,0.0,0.429281,,"mexc,gate",100000000.0,10000000.0,24h,active
257,OMNI,Omni Network,161818757.0,83650908.0,0.0,0.0,4.18,,"binance,mexc,gate",100000000.0,10000000.0,24h,active
258,ELF,aelf,160255006.0,3143266.0,0.0,0.0,0.206571,,"binance,mexc,gate",100000000.0,10000000.0,24h,active
259,NEIRO,Neiro,158703291.0,41894580.0,0.0,0.0,0.00037761,,"binance,mexc,gate",100000000.0,10000000.0,24h,active
260,MOODENG,Moo Deng,156900790.0,59264242.0,0.0,0.0,0.158873,,"mexc,gate",100000000.0,10000000.0,24h,active
261,POLYX,Polymesh,155425746.0,4176739.0,0.0,0.0,0.131056,,"binance,mexc,gate",100000000.0,10000000.0,24h,active
262,UXLINK,UXLINK,154350663.0,13435268.0,0.0,0.0,0.322009,,"mexc,gate",100000000.0,10000000.0,24h,active
263,BABY,Babylon,153494205.0,87721469.0,0.0,0.0,0.060621,,"binance,mexc,gate",100000000.0,10000000.0,24h,active
264,PROM,Prom,152332842.0,4796901.0,0.0,0.0,8.34,,"binance,mexc,gate",100000000.0,10000000.0,24h,active
265,ANKR,Ankr Network,151648151.0,14742969.0,0.0,0.0,0.0151678,,"binance,mexc,gate",100000000.0,10000000.0,24h,active
266,AURA,aura,151131916.0,5248383.0,0.0,0.0,0.156889,,"mexc,gate",100000000.0,10000000.0,24h,active
267,LOKA,League of Kingdoms,150910379.0,6532354.0,0.0,0.0,0.301821,,"binance,mexc",100000000.0,10000000.0,24h,active
268,WBTC,Sui Bridged WBTC (Sui),150184090.0,9270626.0,0.0,0.0,113675.0,,"binance,mexc,gate",100000000.0,10000000.0,24h,active
269,STG,Stargate Finance,148355571.0,4766270.0,0.0,0.0,0.152586,,"binance,mexc,gate",100000000.0,10000000.0,24h,active
270,GIGA,Gigachad,146200465.0,4402344.0,0.0,0.0,0.0152206,,"mexc,gate",100000000.0,10000000.0,24h,active
271,ONE,Harmony,145693799.0,10070738.0,0.0,0.0,0.0099408,,"binance,mexc,gate",100000000.0,10000000.0,24h,active
272,SOLO,Sologenic,144979751.0,3453354.0,0.0,0.0,0.363175,,"mexc,gate",100000000.0,10000000.0,24h,active
273,SUSHI,Sushi,144212402.0,36439206.0,0.0,0.0,0.748075,,"binance,mexc,gate",100000000.0,10000000.0,24h,active
274,DGB,DigiByte,143059937.0,3230267.0,0.0,0.0,0.00803498,,"binance,mexc,gate",100000000.0,10000000.0,24h,active
275,CSPR,Casper Network,142510875.0,5342120.0,0.0,0.0,0.01072018,,"mexc,gate",100000000.0,10000000.0,24h,active
276,ERA,Caldera,139367439.0,74287645.0,0.0,0.0,0.941841,,"binance,mexc,gate",100000000.0,10000000.0,24h,active
277,RPL,Rocket Pool,139222421.0,11991858.0,0.0,0.0,6.44,,"binance,mexc,gate",100000000.0,10000000.0,24h,active
278,MELANIA,Melania Meme,138387834.0,5479227.0,0.0,0.0,0.199486,,"mexc,gate",100000000.0,10000000.0,24h,active
279,ALCH,Alchemist AI,137543365.0,17535372.0,0.0,0.0,0.161779,,"mexc,gate",100000000.0,10000000.0,24h,active
280,XPR,XPR Network,137464284.0,7164000.0,0.0,0.0,0.00492521,,"mexc,gate",100000000.0,10000000.0,24h,active
281,MPLX,Metaplex,135697041.0,13545273.0,0.0,0.0,0.163199,,"mexc,gate",100000000.0,10000000.0,24h,active
282,VRA,Verasity,134718238.0,7040999.0,0.0,0.0,0.00157397,,"mexc,gate",100000000.0,10000000.0,24h,active
283,ICX,ICON,134112127.0,3934081.0,0.0,0.0,0.125181,,"binance,mexc,gate",100000000.0,10000000.0,24h,active
284,REAL,RealLink,133196527.0,25119103.0,0.0,0.0,0.04677194,,"mexc,gate",100000000.0,10000000.0,24h,active
285,XCH,Chia,133074937.0,6670104.0,0.0,0.0,9.09,,"mexc,gate",100000000.0,10000000.0,24h,active
286,ZIG,ZIGChain,131907510.0,3049944.0,0.0,0.0,0.093622,,"mexc,gate",100000000.0,10000000.0,24h,active
287,XYO,XYO Network,131763766.0,10514601.0,0.0,0.0,0.00945988,,"mexc,gate",100000000.0,10000000.0,24h,active
288,AI16Z,ai16z,129935528.0,72886245.0,0.0,0.0,0.118374,,"mexc,gate",100000000.0,10000000.0,24h,active
289,ZEN,Horizen,129659955.0,11094647.0,0.0,0.0,7.48,,"binance,mexc",100000000.0,10000000.0,24h,active
290,WOO,WOO,129090941.0,8696847.0,0.0,0.0,0.067626,,"binance,mexc,gate",100000000.0,10000000.0,24h,active
291,GMT,GMT,128048676.0,19654924.0,0.0,0.0,0.04281981,,"binance,mexc,gate",100000000.0,10000000.0,24h,active
292,HSK,HashKey Platform Token,127277984.0,3713779.0,0.0,0.0,0.508836,,"mexc,gate",100000000.0,10000000.0,24h,active
293,ALT,AltLayer,126600839.0,37069052.0,0.0,0.0,0.03169825,,"binance,mexc,gate",100000000.0,10000000.0,24h,active
294,VANA,Vana,126506517.0,8826918.0,0.0,0.0,4.11,,"binance,mexc,gate",100000000.0,10000000.0,24h,active
295,BLAST,Blast,125900442.0,10370487.0,0.0,0.0,0.00292438,,"mexc,gate",100000000.0,10000000.0,24h,active
296,LAYER,Solayer,125451101.0,19085333.0,0.0,0.0,0.599037,,"binance,mexc,gate",100000000.0,10000000.0,24h,active
297,ENJ,Enjin Coin,125272858.0,14927843.0,0.0,0.0,0.067104,,"binance,mexc,gate",100000000.0,10000000.0,24h,active
298,TIBBIR,Ribbita by Virtuals,124766231.0,3655546.0,0.0,0.0,0.12479,,mexc,100000000.0,10000000.0,24h,active
299,ORCA,Orca,124672540.0,10364909.0,0.0,0.0,2.08,,"binance,mexc,gate",100000000.0,10000000.0,24h,active
300,GMX,GMX,123115263.0,8437864.0,0.0,0.0,12.03,,"binance,mexc,gate",100000000.0,10000000.0,24h,active
301,KDA,Kadena,122646251.0,8283236.0,0.0,0.0,0.378541,,"binance,mexc,gate",100000000.0,10000000.0,24h,active
302,KMNO,Kamino,121137025.0,16572611.0,0.0,0.0,0.04927852,,"binance,mexc,gate",100000000.0,10000000.0,24h,active
303,MASK,Mask Network,120814620.0,17927033.0,0.0,0.0,1.21,,"binance,mexc,gate",100000000.0,10000000.0,24h,active
304,BOME,BOOK OF MEME,119151031.0,51646581.0,0.0,0.0,0.00172801,,"binance,mexc,gate",100000000.0,10000000.0,24h,active
305,CRVUSD,crvUSD,118986356.0,14412049.0,0.0,0.0,0.999616,,"mexc,gate",100000000.0,10000000.0,24h,active
306,ONT,Ontology,118469761.0,8355887.0,0.0,0.0,0.129527,,"binance,mexc,gate",100000000.0,10000000.0,24h,active
307,OSMO,Osmosis,118238416.0,6294238.0,0.0,0.0,0.160055,,"binance,mexc,gate",100000000.0,10000000.0,24h,active
308,SQD,SQD,116513733.0,26776892.0,0.0,0.0,0.152288,,"mexc,gate",100000000.0,10000000.0,24h,active
309,XNO,Nano,116466890.0,4148987.0,0.0,0.0,0.873263,,"binance,mexc",100000000.0,10000000.0,24h,active
310,SDAI,Savings xDAI,116005809.0,6375412.0,0.0,0.0,1.2,,,100000000.0,10000000.0,24h,active
311,ILV,Illuvium,115898072.0,7038434.0,0.0,0.0,12.24,,"binance,mexc,gate",100000000.0,10000000.0,24h,active
312,ALEO,ALEO,115890266.0,10729200.0,0.0,0.0,0.260665,,"mexc,gate",100000000.0,10000000.0,24h,active
313,COTI,COTI,114537523.0,10562349.0,0.0,0.0,0.050528,,"binance,mexc,gate",100000000.0,10000000.0,24h,active
314,SXP,Solar,114318409.0,4726982.0,0.0,0.0,0.175854,,"binance,mexc,gate",100000000.0,10000000.0,24h,active
315,GOHOME,GOHOME,113416199.0,7458989.0,0.0,0.0,216.22,,"mexc,gate",100000000.0,10000000.0,24h,active
316,NEIRO,Neiro on ETH,111983901.0,4278656.0,0.0,0.0,0.111968,,"binance,mexc,gate",100000000.0,10000000.0,24h,active
317,AIXBT,aixbt,111764600.0,28102044.0,0.0,0.0,0.116216,,"binance,mexc,gate",100000000.0,10000000.0,24h,active
318,ME,Magic Eden,110809322.0,10806716.0,0.0,0.0,0.723599,,"binance,mexc,gate",100000000.0,10000000.0,24h,active
319,REQ,Request,110715954.0,5808832.0,0.0,0.0,0.148642,,"binance,mexc,gate",100000000.0,10000000.0,24h,active
320,WMTX,World Mobile Token,110333853.0,3213346.0,0.0,0.0,0.14676,,"mexc,gate",100000000.0,10000000.0,24h,active
321,SKL,SKALE,109893059.0,6824594.0,0.0,0.0,0.01903109,,"binance,mexc,gate",100000000.0,10000000.0,24h,active
322,BIGTIME,Big Time,108032583.0,13806582.0,0.0,0.0,0.056628,,"binance,mexc,gate",100000000.0,10000000.0,24h,active
323,FUN,FUNToken,107947981.0,9881705.0,0.0,0.0,0.01018295,,"binance,mexc,gate",100000000.0,10000000.0,24h,active
324,IO,io.net,107815252.0,31336179.0,0.0,0.0,0.582889,,"binance,mexc,gate",100000000.0,10000000.0,24h,active
325,SNT,Status,106808649.0,10487721.0,0.0,0.0,0.02705763,,"binance,mexc,gate",100000000.0,10000000.0,24h,active
326,BMX,BitMart,106780379.0,7552324.0,0.0,0.0,0.314521,,,100000000.0,10000000.0,24h,active
327,WETH,Avalanche Bridged WETH (Avalanche),106776041.0,22905994.0,0.0,0.0,3479.48,,,100000000.0,10000000.0,24h,active
328,BIO,Bio Protocol,106746584.0,24735630.0,0.0,0.0,0.057027,,"binance,mexc,gate",100000000.0,10000000.0,24h,active
329,PRIME,Echelon Prime,105371815.0,3570534.0,0.0,0.0,1.97,,gate,100000000.0,10000000.0,24h,active
330,UMA,UMA,105349561.0,10973211.0,0.0,0.0,1.19,,"binance,mexc,gate",100000000.0,10000000.0,24h,active
331,GP,Graphite Protocol,105082316.0,14381747.0,0.0,0.0,3.38,,mexc,100000000.0,10000000.0,24h,active
332,IKA,Ika,103706575.0,32939779.0,0.0,0.0,0.03450743,,"mexc,gate",100000000.0,10000000.0,24h,active
333,WAVES,Waves,103212115.0,17497679.0,0.0,0.0,1.028,,"binance,mexc,gate",100000000.0,10000000.0,24h,active
334,LUNA,Terra,103009336.0,10942842.0,0.0,0.0,0.149852,,"binance,mexc,gate",100000000.0,10000000.0,24h,active
335,CPOOL,Clearpool,101043603.0,4251526.0,0.0,0.0,0.127256,,"mexc,gate",100000000.0,10000000.0,24h,active
336,BAND,Band Protocol,100824935.0,7745568.0,0.0,0.0,0.614747,,"binance,gate",100000000.0,10000000.0,24h,active
337,WELL,Moonwell,99400031.0,3403120.0,0.0,0.0,0.02805926,,gate,100000000.0,10000000.0,24h,active
338,WBTC,Optimism Bridged WBTC (Optimism),98851038.0,3119600.0,0.0,0.0,113485.0,,"binance,mexc,gate",100000000.0,10000000.0,24h,active
339,LRC,Loopring,98569320.0,12673329.0,0.0,0.0,0.07924,,"binance,mexc,gate",100000000.0,10000000.0,24h,active
340,ACH,Alchemy Pay,98153638.0,20830201.0,0.0,0.0,0.01986702,,"binance,mexc,gate",100000000.0,10000000.0,24h,active
341,XVG,Verge,97261076.0,4730617.0,0.0,0.0,0.00588738,,"binance,mexc,gate",100000000.0,10000000.0,24h,active
342,XVS,Venus,97102476.0,6359696.0,0.0,0.0,5.8,,"binance,mexc,gate",100000000.0,10000000.0,24h,active
343,VINE,Vine,97075043.0,106639185.0,0.0,0.0,0.09713,,"mexc,gate",100000000.0,10000000.0,24h,active
344,BLACK,Blackhole,97038156.0,8831403.0,0.0,0.0,0.881567,,gate,100000000.0,10000000.0,24h,active
345,SPK,Spark,96596225.0,85306166.0,0.0,0.0,0.089342,,"binance,mexc,gate",100000000.0,10000000.0,24h,active
346,AWE,AWE Network,96393712.0,4760654.0,0.0,0.0,0.04962403,,"binance,mexc,gate",100000000.0,10000000.0,24h,active
347,IOST,IOST,96166937.0,8018656.0,0.0,0.0,0.00357373,,"binance,mexc,gate",100000000.0,10000000.0,24h,active
348,CROSS,Cross,96067292.0,8674555.0,0.0,0.0,0.275073,,"mexc,gate",100000000.0,10000000.0,24h,active
349,METIS,Metis,95150960.0,8995933.0,0.0,0.0,14.65,,"binance,mexc,gate",100000000.0,10000000.0,24h,active
350,TRB,Tellor Tributes,95060538.0,19720278.0,0.0,0.0,35.2,,"binance,gate",100000000.0,10000000.0,24h,active
351,MEME,Memecoin,94633147.0,64629738.0,0.0,0.0,0.00182576,,"binance,mexc,gate",100000000.0,10000000.0,24h,active
352,LIBERTY,Torch of Liberty,94489018.0,10722723.0,0.0,0.0,0.09481,,mexc,100000000.0,10000000.0,24h,active
353,AGI,Delysium,94234183.0,5433607.0,0.0,0.0,0.050226,,"mexc,gate",100000000.0,10000000.0,24h,active
354,BICO,Biconomy,93800872.0,6357243.0,0.0,0.0,0.096694,,"binance,mexc,gate",100000000.0,10000000.0,24h,active
355,FIDA,Solana Name Service (prev. Bonfida),93670397.0,12864497.0,0.0,0.0,0.094967,,"binance,mexc,gate",100000000.0,10000000.0,24h,active
356,DIA,DIA,93590669.0,24347829.0,0.0,0.0,0.782316,,"binance,gate",100000000.0,10000000.0,24h,active
357,GOAT,Goatseus Maximus,93052239.0,22555702.0,0.0,0.0,0.092659,,"mexc,gate",100000000.0,10000000.0,24h,active
358,PURR,Purr,92544754.0,5160281.0,0.0,0.0,0.155162,,"mexc,gate",100000000.0,10000000.0,24h,active
359,ACX,Across Protocol,92041115.0,12626600.0,0.0,0.0,0.151953,,"binance,mexc,gate",100000000.0,10000000.0,24h,active
360,STRAX,Stratis,91582366.0,3199887.0,0.0,0.0,0.04626727,,"binance,gate",100000000.0,10000000.0,24h,active
361,PEOPLE,ConstitutionDAO,90646896.0,36237415.0,0.0,0.0,0.01790083,,"binance,mexc,gate",100000000.0,10000000.0,24h,active
362,RED,RedStone,90559445.0,24848207.0,0.0,0.0,0.323767,,"binance,mexc,gate",100000000.0,10000000.0,24h,active
363,ARDR,Ardor,90369640.0,3541804.0,0.0,0.0,0.09053,,"binance,gate",100000000.0,10000000.0,24h,active
364,PYTHIA,PYTHIA,89706966.0,7101151.0,0.0,0.0,0.089974,,mexc,100000000.0,10000000.0,24h,active
365,WSTETH,Bridged Wrapped stETH (Gnosis),89551046.0,6599424.0,0.0,0.0,4229.29,,,100000000.0,10000000.0,24h,active
366,USDL,Lift Dollar,89243406.0,5127718.0,0.0,0.0,0.996105,,,100000000.0,10000000.0,24h,active
367,BITCOIN,HarryPotterObamaSonic10Inu (ETH),89047861.0,7040365.0,0.0,0.0,0.08913,,,100000000.0,10000000.0,24h,active
368,LQTY,Liquity,88889779.0,21615020.0,0.0,0.0,0.912379,,"binance,mexc,gate",100000000.0,10000000.0,24h,active
369,BANANA,Banana Gun,88822459.0,13309721.0,0.0,0.0,22.12,,"binance,mexc,gate",100000000.0,10000000.0,24h,active
370,ANIME,Animecoin,88772492.0,19510576.0,0.0,0.0,0.01604392,,"binance,mexc,gate",100000000.0,10000000.0,24h,active
371,HOME,HOME,87816627.0,25667023.0,0.0,0.0,0.03231064,,"binance,mexc,gate",100000000.0,10000000.0,24h,active
372,SBUSDT,Sui Bridged USDT (Sui),87496411.0,97603941.0,0.0,0.0,0.999428,,,100000000.0,10000000.0,24h,active
373,POWR,Powerledger,85398754.0,4085191.0,0.0,0.0,0.161285,,"binance,gate",100000000.0,10000000.0,24h,active
374,ORBS,Orbs,85373513.0,3992262.0,0.0,0.0,0.01823214,,gate,100000000.0,10000000.0,24h,active
375,DBR,deBridge,84843237.0,9308160.0,0.0,0.0,0.02414193,,"mexc,gate",100000000.0,10000000.0,24h,active
376,G,Gravity (by Galxe),84631790.0,7255860.0,0.0,0.0,0.01171361,,"binance,mexc,gate",100000000.0,10000000.0,24h,active
377,PAAL,PAAL AI,84128423.0,7420045.0,0.0,0.0,0.09365,,"mexc,gate",100000000.0,10000000.0,24h,active
378,API3,Api3,83943894.0,12401220.0,0.0,0.0,0.665226,,"binance,mexc,gate",100000000.0,10000000.0,24h,active
379,MANTA,Manta Network,83658632.0,12131008.0,0.0,0.0,0.197593,,"binance,mexc,gate",100000000.0,10000000.0,24h,active
380,VVV,Venice Token,83506971.0,4562125.0,0.0,0.0,2.57,,"mexc,gate",100000000.0,10000000.0,24h,active
381,REUSD,Resupply USD,83340436.0,3132602.0,0.0,0.0,0.990499,,,100000000.0,10000000.0,24h,active
382,CETUS,Cetus Protocol,83048747.0,14855911.0,0.0,0.0,0.101226,,"binance,mexc,gate",100000000.0,10000000.0,24h,active
383,SIGN,Sign,81997228.0,9395308.0,0.0,0.0,0.06835,,"binance,mexc,gate",100000000.0,10000000.0,24h,active
384,AEVO,Aevo,80996555.0,16657928.0,0.0,0.0,0.088738,,"binance,mexc,gate",100000000.0,10000000.0,24h,active
385,FLUX,Flux,80768964.0,4679349.0,0.0,0.0,0.207791,,"binance,mexc,gate",100000000.0,10000000.0,24h,active
386,COOKIE,Cookie DAO,80686196.0,14411824.0,0.0,0.0,0.13631,,"binance,mexc,gate",100000000.0,10000000.0,24h,active
387,QAI,QuantixAI,80405812.0,5309339.0,0.0,0.0,99.9,,mexc,100000000.0,10000000.0,24h,active
388,DYM,Dymension,80336092.0,6621010.0,0.0,0.0,0.237732,,"binance,mexc,gate",100000000.0,10000000.0,24h,active
389,ARK,ARK,80261170.0,3858456.0,0.0,0.0,0.42233,,"binance,mexc,gate",100000000.0,10000000.0,24h,active
390,DEGEN,Degen,79909182.0,15549171.0,0.0,0.0,0.00326364,,"mexc,gate",100000000.0,10000000.0,24h,active
391,WETH,L2 Standard Bridged WETH (Optimism),79826909.0,46870969.0,0.0,0.0,3497.6,,,100000000.0,10000000.0,24h,active
392,YGG,Yield Guild Games,79704657.0,15858334.0,0.0,0.0,0.14943,,"binance,mexc,gate",100000000.0,10000000.0,24h,active
393,CARV,CARV,79481125.0,19948978.0,0.0,0.0,0.270174,,"mexc,gate",100000000.0,10000000.0,24h,active
394,LSK,Lisk,79104978.0,3335562.0,0.0,0.0,0.400157,,"binance,gate",100000000.0,10000000.0,24h,active
395,BAL,Balancer,79104420.0,6758039.0,0.0,0.0,1.23,,"binance,mexc,gate",100000000.0,10000000.0,24h,active
396,AUDIO,Audius,78991083.0,28228012.0,0.0,0.0,0.058739,,"binance,gate",100000000.0,10000000.0,24h,active
397,IQ,IQ,78848112.0,3563451.0,0.0,0.0,0.00347234,,"binance,mexc,gate",100000000.0,10000000.0,24h,active
398,USDC.E,Arbitrum Bridged USDC (Arbitrum),78283500.0,21098881.0,0.0,0.0,1.001,,,100000000.0,10000000.0,24h,active
399,SOPH,Sophon,78106789.0,55983300.0,0.0,0.0,0.03908949,,"binance,mexc,gate",100000000.0,10000000.0,24h,active
400,BNKR,BankrCoin,77807730.0,13671792.0,0.0,0.0,0.00078155,,"mexc,gate",100000000.0,10000000.0,24h,active
401,STS,Beets Staked Sonic,77396078.0,4594927.0,0.0,0.0,0.304556,,,100000000.0,10000000.0,24h,active
402,VBUSDC,VaultBridge Bridged USDC (Katana),77278163.0,8950386.0,0.0,0.0,1.0,,,100000000.0,10000000.0,24h,active
403,SATS,SATS (Ordinals),77062542.0,9310770.0,0.0,0.0,3.6711e-08,,"mexc,gate",100000000.0,10000000.0,24h,active
404,TREE,Treehouse,76963836.0,107001668.0,0.0,0.0,0.49194,,"binance,mexc,gate",100000000.0,10000000.0,24h,active
405,PUNDIX,Pundi X,76576378.0,4103267.0,0.0,0.0,0.297045,,"binance,mexc,gate",100000000.0,10000000.0,24h,active
406,POKT,Pocket Network,76521342.0,3628825.0,0.0,0.0,0.03801969,,"mexc,gate",100000000.0,10000000.0,24h,active
407,PHA,PHALA,76317671.0,14407232.0,0.0,0.0,0.094767,,"binance,mexc,gate",100000000.0,10000000.0,24h,active
408,SPELL,Spell,76090618.0,31897714.0,0.0,0.0,0.00046391,,"binance,mexc,gate",100000000.0,10000000.0,24h,active
409,FXUSD,f(x) Protocol fxUSD,75987425.0,8386028.0,0.0,0.0,0.999243,,,100000000.0,10000000.0,24h,active
410,MLK,MiL.k,75737335.0,3820444.0,0.0,0.0,0.156898,,gate,100000000.0,10000000.0,24h,active
411,FEUSD,Felix feUSD,75531560.0,7397016.0,0.0,0.0,0.996347,,,100000000.0,10000000.0,24h,active
412,EGL1,EGL1,74920744.0,92111203.0,0.0,0.0,0.077652,,"mexc,gate",100000000.0,10000000.0,24h,active
413,SONIC,Sonic SVM,74726360.0,21171451.0,0.0,0.0,0.20764,,"mexc,gate",100000000.0,10000000.0,24h,active
414,B3,B3 (Base),74056339.0,8230021.0,0.0,0.0,0.0027189,,"mexc,gate",100000000.0,10000000.0,24h,active
415,NEWT,Newton Protocol,74039673.0,22526906.0,0.0,0.0,0.344105,,"binance,mexc,gate",100000000.0,10000000.0,24h,active
416,CGPT,ChainGPT,73409396.0,14808412.0,0.0,0.0,0.086776,,"binance,mexc,gate",100000000.0,10000000.0,24h,active
417,CVC,Civic,73115266.0,12629998.0,0.0,0.0,0.091189,,"binance,gate",100000000.0,10000000.0,24h,active
418,USUAL,Usual,72403295.0,27715165.0,0.0,0.0,0.06916,,"binance,mexc,gate",100000000.0,10000000.0,24h,active
419,USTC,TerraClassicUSD,71819561.0,12575104.0,0.0,0.0,0.0128505,,"binance,mexc,gate",100000000.0,10000000.0,24h,active
420,ZRC,Zircuit,71519977.0,14435605.0,0.0,0.0,0.03253115,,"mexc,gate",100000000.0,10000000.0,24h,active
421,BGSC,BugsCoin,70904115.0,4520406.0,0.0,0.0,0.00611105,,"mexc,gate",100000000.0,10000000.0,24h,active
422,BANANAS31,Banana For Scale,70877433.0,29811379.0,0.0,0.0,0.0070986,,"binance,mexc,gate",100000000.0,10000000.0,24h,active
423,RSC,ResearchCoin,70854673.0,6188825.0,0.0,0.0,0.61573,,gate,100000000.0,10000000.0,24h,active
424,KNC,Kyber Network Crystal,70812182.0,7619207.0,0.0,0.0,0.415827,,"binance,mexc,gate",100000000.0,10000000.0,24h,active
425,CHR,Chromia,70773433.0,8843759.0,0.0,0.0,0.083984,,"binance,mexc,gate",100000000.0,10000000.0,24h,active
426,TAG,TAGGER,70719865.0,7230053.0,0.0,0.0,0.00065243,,"mexc,gate",100000000.0,10000000.0,24h,active
427,WAXP,WAX,70470188.0,4545562.0,0.0,0.0,0.02012599,,"binance,mexc,gate",100000000.0,10000000.0,24h,active
428,ONG,Ontology Gas,70362010.0,3014254.0,0.0,0.0,0.167489,,"binance,mexc,gate",100000000.0,10000000.0,24h,active
429,LAUNCHCOIN,Launch Coin on Believe,69969767.0,21750020.0,0.0,0.0,0.069971,,"mexc,gate",100000000.0,10000000.0,24h,active
430,CYBER,CYBER,69765584.0,15640371.0,0.0,0.0,1.56,,"binance,mexc,gate",100000000.0,10000000.0,24h,active
431,MERL,Merlin Chain,69719659.0,11045667.0,0.0,0.0,0.096171,,"mexc,gate",100000000.0,10000000.0,24h,active
432,DOGS,Dogs,69257080.0,21471836.0,0.0,0.0,0.00013405,,"binance,mexc,gate",100000000.0,10000000.0,24h,active
433,TAIKO,Taiko,69130631.0,12845530.0,0.0,0.0,0.409644,,"mexc,gate",100000000.0,10000000.0,24h,active
434,H,Humanity,68816726.0,29785830.0,0.0,0.0,0.03774653,,"mexc,gate",100000000.0,10000000.0,24h,active
435,HYPER,Hyperlane,68582703.0,124170167.0,0.0,0.0,0.388399,,"binance,mexc,gate",100000000.0,10000000.0,24h,active
436,ID,SPACE ID,67784317.0,17959604.0,0.0,0.0,0.157622,,"binance,mexc,gate",100000000.0,10000000.0,24h,active
437,MORI,MORI COIN,67750793.0,3434074.0,0.0,0.0,0.075205,,mexc,100000000.0,10000000.0,24h,active
438,STEEM,Steem,67579690.0,11117782.0,0.0,0.0,0.129393,,"binance,mexc,gate",100000000.0,10000000.0,24h,active
439,RLC,iExec RLC,66699576.0,6001263.0,0.0,0.0,0.921832,,"binance,mexc,gate",100000000.0,10000000.0,24h,active
440,GAME,GameBuild,65833990.0,7799496.0,0.0,0.0,0.00367274,,mexc,100000000.0,10000000.0,24h,active
441,DENT,Dent,65793698.0,3934482.0,0.0,0.0,0.00068774,,"binance,gate",100000000.0,10000000.0,24h,active
442,GLMR,Moonbeam,65737166.0,6303248.0,0.0,0.0,0.066,,"binance,mexc,gate",100000000.0,10000000.0,24h,active
443,SAGA,Saga,65620965.0,17817012.0,0.0,0.0,0.232866,,"binance,mexc,gate",100000000.0,10000000.0,24h,active
444,LA,Lagrange,64678733.0,15507797.0,0.0,0.0,0.336576,,"binance,mexc,gate",100000000.0,10000000.0,24h,active
445,NMR,Numeraire,64144114.0,5588395.0,0.0,0.0,8.02,,"binance,mexc,gate",100000000.0,10000000.0,24h,active
446,STRIKE,Strike,63909925.0,79731489.0,0.0,0.0,11.32,,,100000000.0,10000000.0,24h,active
447,POND,Marlin,63549572.0,3041984.0,0.0,0.0,0.00775624,,"binance,mexc,gate",100000000.0,10000000.0,24h,active
448,AVAIL,Avail,63529659.0,3074440.0,0.0,0.0,0.01864989,,"mexc,gate",100000000.0,10000000.0,24h,active
449,TROLL,TROLL,63226383.0,16509044.0,0.0,0.0,0.063344,,"mexc,gate",100000000.0,10000000.0,24h,active
450,AUCTION,Bounce,63186319.0,8897831.0,0.0,0.0,9.58,,"binance,mexc,gate",100000000.0,10000000.0,24h,active
451,SKYAI,SkyAI,62593373.0,11417418.0,0.0,0.0,0.062692,,"mexc,gate",100000000.0,10000000.0,24h,active
452,BAN,Comedian,62227717.0,6903609.0,0.0,0.0,0.062234,,"mexc,gate",100000000.0,10000000.0,24h,active
453,SBETH,Sui Bridged Ether (Sui),62134892.0,3582072.0,0.0,0.0,3483.94,,,100000000.0,10000000.0,24h,active
454,SOLV,Solv Protocol,61541032.0,18241079.0,0.0,0.0,0.04151267,,"binance,mexc,gate",100000000.0,10000000.0,24h,active
455,SLP,Smooth Love Potion,61304365.0,5839104.0,0.0,0.0,0.00170536,,"binance,mexc,gate",100000000.0,10000000.0,24h,active
456,XAI,Xai,60232888.0,16390837.0,0.0,0.0,0.0470254,,"binance,mexc,gate",100000000.0,10000000.0,24h,active
457,ELON,Dogelon Mars,59191385.0,3898059.0,0.0,0.0,1.07705e-07,,"mexc,gate",100000000.0,10000000.0,24h,active
458,PONKE,PONKE,59079789.0,9800088.0,0.0,0.0,0.106363,,"mexc,gate",100000000.0,10000000.0,24h,active
459,CAT,Simon's Cat,58207947.0,10565770.0,0.0,0.0,8.63e-06,,"mexc,gate",100000000.0,10000000.0,24h,active
460,JOE,JOE,58129351.0,5718473.0,0.0,0.0,0.146051,,"binance,mexc,gate",100000000.0,10000000.0,24h,active
461,INIT,Initia,57905448.0,44869061.0,0.0,0.0,0.360135,,"binance,mexc,gate",100000000.0,10000000.0,24h,active
462,MAGIC,Treasure,57682787.0,327761342.0,0.0,0.0,0.187125,,"binance,mexc,gate",100000000.0,10000000.0,24h,active
463,AITECH,Solidus Ai Tech,57471483.0,12182692.0,0.0,0.0,0.03698007,,"mexc,gate",100000000.0,10000000.0,24h,active
464,ZENT,Zentry,56300087.0,8008576.0,0.0,0.0,0.00774168,,"mexc,gate",100000000.0,10000000.0,24h,active
465,CBK,Cobak,56025926.0,3643570.0,0.0,0.0,0.584307,,"mexc,gate",100000000.0,10000000.0,24h,active
466,SSV,SSV Network,55942481.0,12386918.0,0.0,0.0,7.9,,"binance,mexc,gate",100000000.0,10000000.0,24h,active
467,AGLD,Adventure Gold,55930376.0,7599927.0,0.0,0.0,0.670027,,"binance,mexc,gate",100000000.0,10000000.0,24h,active
468,XUSD,StraitsX XUSD,55680709.0,27202823.0,0.0,0.0,0.999417,,"binance,mexc,gate",100000000.0,10000000.0,24h,active
469,URANUS,Uranus,55516274.0,10685249.0,0.0,0.0,0.554842,,mexc,100000000.0,10000000.0,24h,active
470,WIN,WINkLink,55510569.0,13776782.0,0.0,0.0,5.592e-05,,"binance,mexc,gate",100000000.0,10000000.0,24h,active
471,HUMA,Huma Finance,55308783.0,18290084.0,0.0,0.0,0.03195645,,"binance,mexc,gate",100000000.0,10000000.0,24h,active
472,VANRY,Vanar Chain,55302148.0,11654402.0,0.0,0.0,0.02827559,,"binance,mexc,gate",100000000.0,10000000.0,24h,active
473,WCT,WalletConnect Token,54365857.0,28667257.0,0.0,0.0,0.292254,,"binance,mexc,gate",100000000.0,10000000.0,24h,active
474,NIL,Nillion,54352386.0,13133459.0,0.0,0.0,0.278743,,"binance,mexc,gate",100000000.0,10000000.0,24h,active
475,CTSI,Cartesi,54217316.0,5158965.0,0.0,0.0,0.06192,,"binance,gate",100000000.0,10000000.0,24h,active
476,MOVR,Moonriver,54177919.0,5574727.0,0.0,0.0,5.53,,"binance,mexc,gate",100000000.0,10000000.0,24h,active
477,VBETH,VaultBridge Bridged ETH (Katana),53488477.0,5401020.0,0.0,0.0,3486.44,,,100000000.0,10000000.0,24h,active
478,AERGO,Aergo,52989910.0,5795289.0,0.0,0.0,0.111971,,"binance,mexc,gate",100000000.0,10000000.0,24h,active
479,SCR,Scroll,52867119.0,13130772.0,0.0,0.0,0.278359,,"binance,mexc,gate",100000000.0,10000000.0,24h,active
480,SCRVUSD,Savings crvUSD,52838074.0,5571705.0,0.0,0.0,1.057,,,100000000.0,10000000.0,24h,active
481,ZEUS,Zeus Network,52672460.0,6157812.0,0.0,0.0,0.137525,,"mexc,gate",100000000.0,10000000.0,24h,active
482,NTRN,Neutron,52454530.0,3351668.0,0.0,0.0,0.086103,,"binance,mexc,gate",100000000.0,10000000.0,24h,active
483,QKC,QuarkChain,51988114.0,4053212.0,0.0,0.0,0.00727385,,"binance,mexc,gate",100000000.0,10000000.0,24h,active
484,CHILLGUY,Just a chill guy,51455332.0,14748715.0,0.0,0.0,0.051485,,"mexc,gate",100000000.0,10000000.0,24h,active
485,ZKJ,Polyhedra Network,51157185.0,9066133.0,0.0,0.0,0.150921,,"mexc,gate",100000000.0,10000000.0,24h,active
486,SUPRA,Supra,50421646.0,5158907.0,0.0,0.0,0.00311173,,"mexc,gate",100000000.0,10000000.0,24h,active
487,TUT,Tutorial,50287355.0,14963399.0,0.0,0.0,0.060028,,"binance,mexc,gate",100000000.0,10000000.0,24h,active
